key,title,director,year,swap,status,lengths,log_url,log_date,heights,movement,empties,intertitles,fetched
i-was-born-but,"I Was Born, But...",Ozu,1932,False,on the sheet,"Adrian Tomas Samit, Cinemetrics, FACT, 2012-07-02 (1358 shots)",https://cinemetrics.uchicago.edu/movie/a2cc1e00-8dec-4559-ba5b-c8c33b952fd7,2012-07-02,"documented, kneeling: Bordwell, Ozu and the Poetics of Cinema (1988), pp. 76-78",not logged,not logged,,2026-10-08
only-son,The Only Son,Ozu,1936,False,on the sheet,"Matt Hauske, Cinemetrics, FACT, 2006-11-21 (524 shots)",https://cinemetrics.uchicago.edu/movie/c22cef08-15cb-465c-8e0c-a3fbd6f52a7a,2006-11-21,"documented, kneeling: Bordwell, Ozu and the Poetics of Cinema (1988), pp. 76-78",not logged,not logged,,2026-10-08
late-spring,Late Spring,Ozu,1949,False,on the sheet,"Roxanne Pinckers, Cinemetrics, Classic, 2009-04-10 (725 shots)",https://cinemetrics.uchicago.edu/movie/3d227dac-9e36-4487-a732-08068543100e,2009-04-10,"documented, kneeling: Bordwell, Ozu and the Poetics of Cinema (1988), pp. 76-78",not logged,not logged,,2026-10-08
early-summer,Early Summer,Ozu,1951,False,on the sheet,"Roxanne Pinckers, Cinemetrics, FACT, 2009-02-24 (711 shots)",https://cinemetrics.uchicago.edu/movie/dbeadaa3-1293-4b69-810e-91949a08e1f2,2009-02-24,"documented, kneeling: Bordwell, Ozu and the Poetics of Cinema (1988), pp. 76-78",not logged,not logged,,2026-10-08
tokyo-story,Tokyo Story,Ozu,1953,False,on the sheet,"Mohsen Nasrin, Cinemetrics, Classic, 2010-05-07 (765 shots)",https://cinemetrics.uchicago.edu/movie/2da3fd31-e3f3-465d-bef8-9b78becfc6a7,2010-05-07,"documented, kneeling: Bordwell, Ozu and the Poetics of Cinema (1988), pp. 76-78",not logged,"Mohsen Nasrin, Cinemetrics",,2026-10-08
early-spring,Early Spring,Ozu,1956,False,no log,,,,,,,,
tokyo-twilight,Tokyo Twilight,Ozu,1957,False,no log,,,,,,,,
equinox-flower,Equinox Flower,Ozu,1958,False,no log,,,,,,,,
good-morning,Good Morning,Ozu,1959,False,on the sheet,"Adrian Tomas Samit, Cinemetrics, FACT, 2012-06-04 (800 shots)",https://cinemetrics.uchicago.edu/movie/d1e5747d-ca53-4306-981c-ffd929beda26,2012-06-04,"documented, kneeling: Bordwell, Ozu and the Poetics of Cinema (1988), pp. 76-78","documented for the film: Bordwell, Ozu and the Poetics of Cinema (1988), p. 14",not logged,,2026-10-08
floating-weeds,Floating Weeds,Ozu,1959,False,on the sheet,"Matt Hauske, Cinemetrics, FACT, 2006-11-20 (950 shots)",https://cinemetrics.uchicago.edu/movie/4e392bca-cdff-44b9-bdcf-07bcbb3c35b3,2006-11-20,"documented, kneeling: Bordwell, Ozu and the Poetics of Cinema (1988), pp. 76-78","documented for the film: Bordwell, Ozu and the Poetics of Cinema (1988), p. 14",not logged,,2026-10-08
late-autumn,Late Autumn,Ozu,1960,False,on the sheet,"Adrian Tomas Samit, Cinemetrics, FACT, 2012-06-14 (1102 shots)",https://cinemetrics.uchicago.edu/movie/106831ed-ed86-4f01-94b1-b2fe1f7c85ef,2012-06-14,"documented, kneeling: Bordwell, Ozu and the Poetics of Cinema (1988), pp. 76-78","documented for the film: Bordwell, Ozu and the Poetics of Cinema (1988), p. 14",not logged,,2026-10-08
end-of-summer,The End of Summer,Ozu,1961,False,on the sheet,"K. van den Heuvel, Cinemetrics, FACT, 2009-11-23 (840 shots)",https://cinemetrics.uchicago.edu/movie/2b45f822-067f-43c6-81d0-cd7fe62595d5,2009-11-23,"documented, kneeling: Bordwell, Ozu and the Poetics of Cinema (1988), pp. 76-78","documented for the film: Bordwell, Ozu and the Poetics of Cinema (1988), p. 14",not logged,,2026-10-08
autumn-afternoon,An Autumn Afternoon,Ozu,1962,False,on the sheet,"Mohsen Nasrin, Cinemetrics, Classic, 2011-09-17 (973 shots)",https://cinemetrics.uchicago.edu/movie/3d91253d-976d-49d9-86eb-d5dbc41e866a,2011-09-17,"documented, kneeling: Bordwell, Ozu and the Poetics of Cinema (1988), pp. 76-78","documented for the film: Bordwell, Ozu and the Poetics of Cinema (1988), p. 14","Mohsen Nasrin, Cinemetrics",,2026-10-08
osaka-elegy,Osaka Elegy,Mizoguchi,1936,False,on the sheet,"Julian Sittel, Cinemetrics, Classic, 2017-08-15 (188 shots)",https://cinemetrics.uchicago.edu/movie/68db75e9-da4b-46de-9daf-a579c5a0170c,2017-08-15,"documented, above: Bordwell, Ozu and the Poetics of Cinema (1988), p. 78",not logged,not logged,,2026-10-08
last-chrysanthemum,The Story of the Last Chrysanthemum,Mizoguchi,1939,False,on the sheet,"Adriano Apra, Sara Leggi, Simone Starace, Cinemetrics, Classic, 2008-06-20 (144 shots)",https://cinemetrics.uchicago.edu/movie/8e347a08-cd62-43b4-b5c6-f60bf5a0a7b7,2008-06-20,"documented, above: Bordwell, Ozu and the Poetics of Cinema (1988), p. 78",not logged,not logged,,2026-10-08
oharu,The Life of Oharu,Mizoguchi,1952,False,no log,,,,,,,,
ugetsu,Ugetsu,Mizoguchi,1953,False,on the sheet,"Mohsen Nasrin, Cinemetrics, Classic, 2009-08-12 (202 shots)",https://cinemetrics.uchicago.edu/movie/8444155f-cac5-4825-b93a-734a0d209994,2009-08-12,"documented, above: Bordwell, Ozu and the Poetics of Cinema (1988), p. 78",not logged,"Mohsen Nasrin, Cinemetrics",,2026-10-08
sansho,Sansho the Bailiff,Mizoguchi,1954,False,on the sheet,"MOHSEN NASRIN, Cinemetrics, Classic, 2009-07-08 (267 shots)",https://cinemetrics.uchicago.edu/movie/680455dd-065d-462e-ba62-87b95021f6ab,2009-07-08,"documented, above: Bordwell, Ozu and the Poetics of Cinema (1988), p. 78",not logged,"MOHSEN NASRIN, Cinemetrics",,2026-10-08
street-of-shame,Street of Shame,Mizoguchi,1956,False,on the sheet,"Mohsen Nasrin, Cinemetrics, Classic, 2011-03-31 (137 shots)",https://cinemetrics.uchicago.edu/movie/05850d36-1bb3-4086-89ea-287bfd498c0f,2011-03-31,"documented, above: Bordwell, Ozu and the Poetics of Cinema (1988), p. 78",not logged,"Mohsen Nasrin, Cinemetrics",,2026-10-08
drunken-angel,Drunken Angel,Kurosawa,1948,False,on the sheet,"Feikens, Cinemetrics, Classic, 2011-12-06 (456 shots)",https://cinemetrics.uchicago.edu/movie/70ba2de8-d860-46c1-9932-50c0a6e1875b,2011-12-06,"assumed, standing: no source found",not logged,"Feikens, Cinemetrics",,2026-10-08
stray-dog,Stray Dog,Kurosawa,1949,False,on the sheet,"Yuri Voesenek, Cinemetrics, Classic, 2011-12-14 (633 shots)",https://cinemetrics.uchicago.edu/movie/e873d13b-8637-49cf-81da-3afb4c854958,2011-12-14,"assumed, standing: no source found",not logged,not logged,,2026-10-08
rashomon,Rashomon,Kurosawa,1950,False,on the sheet,"Yuri Tsivian, Cinemetrics, Classic, 2007-05-22 (420 shots)",https://cinemetrics.uchicago.edu/movie/ea745926-fc26-4049-8494-ce2ad152259e,2007-05-22,"assumed, standing: no source found",not logged,not logged,,2026-10-08
ikiru,Ikiru,Kurosawa,1952,False,on the sheet,"D. van Sas, Cinemetrics, Classic, 2011-12-11 (529 shots)",https://cinemetrics.uchicago.edu/movie/04480dfb-ebb0-4b1f-8344-8f25aeac5620,2011-12-11,"assumed, standing: no source found","D. van Sas, Cinemetrics",not logged,,2026-10-08
seven-samurai,Seven Samurai,Kurosawa,1954,False,on the sheet,"John C, Cinemetrics, Classic, 2007-01-10 (1445 shots)",https://cinemetrics.uchicago.edu/movie/3986f62a-f100-41b9-86fc-d999edfa51bf,2007-01-10,"assumed, standing: no source found",not logged,not logged,,2026-10-08
throne-of-blood,Throne of Blood,Kurosawa,1957,False,on the sheet,"Anouk Saint Martin, Cinemetrics, Classic, 2011-12-18 (566 shots)",https://cinemetrics.uchicago.edu/movie/1a550848-4ac4-4fe2-91f3-77e53ef681fd,2011-12-18,"assumed, standing: no source found",not logged,not logged,,2026-10-08
hidden-fortress,The Hidden Fortress,Kurosawa,1958,False,no log,,,,,,,,
yojimbo,Yojimbo,Kurosawa,1961,False,on the sheet,"Esmee de Vries, Cinemetrics, Classic, 2011-12-13 (515 shots)",https://cinemetrics.uchicago.edu/movie/99a9107d-5f5a-4224-abad-fcdfcbaae5f1,2011-12-13,"assumed, standing: no source found",not logged,not logged,,2026-10-08
high-and-low,High and Low,Kurosawa,1963,False,on the sheet,"Mohsen Nasrin, Cinemetrics, Classic, 2010-10-05 (526 shots)",https://cinemetrics.uchicago.edu/movie/d771b830-9d30-4afe-946f-16ed8ebfa843,2010-10-05,"assumed, standing: no source found",not logged,"Mohsen Nasrin, Cinemetrics",,2026-10-08
red-beard,Red Beard,Kurosawa,1965,False,no log,,,,,,,,
dersu-uzala,Dersu Uzala,Kurosawa,1975,False,no log,,,,,,,,
kagemusha,Kagemusha,Kurosawa,1980,False,on the sheet,"Mohsen Nasrin, Cinemetrics, Classic, 2009-09-12 (967 shots)",https://cinemetrics.uchicago.edu/movie/f2bdc416-4b3b-4255-bc47-4b5411a50e9f,2009-09-12,"assumed, standing: no source found",not logged,"Mohsen Nasrin, Cinemetrics",,2026-10-08
ran,Ran,Kurosawa,1985,False,on the sheet,"Torey Liepa, Cinemetrics, FACT, 2007-06-10 (881 shots)",https://cinemetrics.uchicago.edu/movie/15de695c-a9f6-445e-8e8d-a61de0f4fbab,2007-06-10,"assumed, standing: no source found",not logged,not logged,,2026-10-08
dreams,Dreams,Kurosawa,1990,False,no log,,,,,,,,
nausicaa,Nausicaä of the Valley of the Wind,Miyazaki,1984,False,only excerpts logged,,,,,,,,
laputa,Castle in the Sky,Miyazaki,1986,False,no log,,,,,,,,
totoro,My Neighbor Totoro,Miyazaki,1988,False,on the sheet,"WEI ZONGLIANG, Cinemetrics, FACT, 2025-05-29 (956 shots)",https://cinemetrics.uchicago.edu/movie/3b9ad4d5-ec3d-433e-8d21-6693c421c22f,2025-05-29,"assumed, standing: no source found","WEI ZONGLIANG, Cinemetrics",not logged,,2026-10-08
kiki,Kiki's Delivery Service,Miyazaki,1989,False,no log,,,,,,,,
porco-rosso,Porco Rosso,Miyazaki,1992,False,no log,,,,,,,,
mononoke,Princess Mononoke,Miyazaki,1997,False,on the sheet,"WEI ZONGLIANG, Cinemetrics, FACT, 2025-05-29 (1675 shots)",https://cinemetrics.uchicago.edu/movie/7b9bbcf5-83ec-4c73-a9b0-54a0a4bc14ee,2025-05-29,"assumed, standing: no source found","WEI ZONGLIANG, Cinemetrics",not logged,,2026-10-08
spirited-away,Spirited Away,Miyazaki,2001,False,on the sheet,"WEI ZONGLIANG, Cinemetrics, FACT, 2025-05-29 (1415 shots)",https://cinemetrics.uchicago.edu/movie/3a588577-cf85-44c7-80dc-2e121e2f7d95,2025-05-29,"assumed, standing: no source found","WEI ZONGLIANG, Cinemetrics",not logged,,2026-10-08
howl,Howl's Moving Castle,Miyazaki,2004,False,on the sheet,"WEI ZONGLIANG, Cinemetrics, FACT, 2025-05-29 (1398 shots)",https://cinemetrics.uchicago.edu/movie/d184e7c2-40e3-4110-8d24-a0a9f4632a35,2025-05-29,"assumed, standing: no source found","WEI ZONGLIANG, Cinemetrics",not logged,,2026-10-08
ponyo,Ponyo,Miyazaki,2008,False,no log,,,,,,,,
wind-rises,The Wind Rises,Miyazaki,2013,False,no log,,,,,,,,
boy-and-heron,The Boy and the Heron,Miyazaki,2023,False,no log,,,,,,,,
floating-clouds,Floating Clouds,Naruse,1955,False,on the sheet,"Cid Vasconcelos, Cinemetrics, FACT, 2009-03-15 (687 shots)",https://cinemetrics.uchicago.edu/movie/ea8c30c6-4d0c-442e-9ead-c92729b00186,2009-03-15,"assumed, standing: no source found",not logged,not logged,,2026-10-08
woman-ascends,When a Woman Ascends the Stairs,Naruse,1960,False,on the sheet,"Cid Vasconcelos, Cinemetrics, FACT, 2009-07-26 (685 shots)",https://cinemetrics.uchicago.edu/movie/9c57c2e1-fd55-432b-948b-47e8d326eda2,2009-07-26,"assumed, standing: no source found",not logged,not logged,,2026-10-08
harakiri,Harakiri,Kobayashi,1962,False,no log,,,,,,,,
vengeance,Vengeance Is Mine,Imamura,1979,False,no log,,,,,,,,
narayama,The Ballad of Narayama,Imamura,1983,False,no log,,,,,,,,
cruel-story,Cruel Story of Youth,Oshima,1960,False,on the sheet,"JBdV, Cinemetrics, Classic, 2016-05-11 (233 shots)",https://cinemetrics.uchicago.edu/movie/6858ec45-ef0e-467c-8d56-3ab55f6ce964,2016-05-11,"assumed, standing: no source found","JBdV, Cinemetrics",not logged,,2026-10-08
fireflies,Grave of the Fireflies,Takahata,1988,False,on the sheet,"Caroline, Cinemetrics, FACT, 2019-10-29 (806 shots)",https://cinemetrics.uchicago.edu/movie/94b1a0de-19bb-41b4-86fb-0f021b268fe8,2019-10-29,"assumed, standing: no source found",not logged,not logged,,2026-10-08
kaguya,The Tale of the Princess Kaguya,Takahata,2013,False,on the sheet,"Caroline, Cinemetrics, FACT, 2019-11-01 (1422 shots)",https://cinemetrics.uchicago.edu/movie/637faf6b-314c-40b6-a79f-c601b7395eb4,2019-11-01,"assumed, standing: no source found",not logged,not logged,,2026-10-08
millennium-actress,Millennium Actress,Kon,2001,False,on the sheet,"Antonio Loriguillo, Cinemetrics, FACT, 2011-12-29 (1005 shots)",https://cinemetrics.uchicago.edu/movie/39c0068a-d117-4668-8640-5d851c6f4999,2011-12-29,"assumed, standing: no source found",not logged,not logged,,2026-10-08
paprika,Paprika,Kon,2006,False,on the sheet,"Cid Vasconcelos, Cinemetrics, FACT, 2010-10-08 (1014 shots)",https://cinemetrics.uchicago.edu/movie/4ce7a90e-77e3-4320-892a-db06d0defb6c,2010-10-08,"assumed, standing: no source found",not logged,not logged,,2026-10-08
still-walking,Still Walking,Kore-eda,2008,False,on the sheet,"Bradley Weatherhead, Cinemetrics, FACT, 2020-11-15 (369 shots)",https://cinemetrics.uchicago.edu/movie/aaa7970e-885f-4d6e-943b-1a6aaca13b5e,2020-11-15,"assumed, standing: no source found",not logged,not logged,,2026-10-08
shoplifters,Shoplifters,Kore-eda,2018,False,on the sheet,"Bradley Weatherhead, Cinemetrics, FACT, 2020-11-13 (424 shots)",https://cinemetrics.uchicago.edu/movie/bcdd54c3-dfee-4951-a7a7-6667c4ef470b,2020-11-13,"assumed, standing: no source found",not logged,not logged,,2026-10-08
drive-my-car,Drive My Car,Hamaguchi,2021,False,only excerpts logged,,,,,,,,
dragnet-girl,Dragnet Girl,Ozu,1933,True,on the sheet,"Mohsen Nasrin, Cinemetrics, Classic, 2015-09-20 (1439 shots)",https://cinemetrics.uchicago.edu/movie/e7b27950-cf66-4f7b-aa1c-f3f1de1fbfdd,2015-09-20,"documented, kneeling: Bordwell, Ozu and the Poetics of Cinema (1988), pp. 76-78",not logged,not logged,"286 cards tagged by Mohsen Nasrin, Cinemetrics (drawn as bare paper)",2026-10-08
story-floating-weeds,A Story of Floating Weeds,Ozu,1934,True,on the sheet,"Matt Hauske, Cinemetrics, Classic, 2006-11-12 (1084 shots)",https://cinemetrics.uchicago.edu/movie/47506607-3f24-4146-b0c8-a61929ed2869,2006-11-12,"documented, kneeling: Bordwell, Ozu and the Poetics of Cinema (1988), pp. 76-78",not logged,not logged,"260 cards tagged by Matt Hauske, Cinemetrics (drawn as bare paper)",2026-10-08
toda-family,The Brothers and Sisters of the Toda Family,Ozu,1941,True,on the sheet,"Cid Vasconcelos, Cinemetrics, FACT, 2009-12-15 (463 shots)",https://cinemetrics.uchicago.edu/movie/bd607037-abe7-4ed5-96c1-9c58163b4b52,2009-12-15,"documented, kneeling: Bordwell, Ozu and the Poetics of Cinema (1988), pp. 76-78",not logged,not logged,,2026-10-08
crucified-lovers,The Crucified Lovers,Mizoguchi,1954,True,on the sheet,"Paul Monticone, Cinemetrics, Classic, 2007-10-09 (188 shots)",https://cinemetrics.uchicago.edu/movie/7f671239-223f-477c-8ea1-8d4069d622cc,2007-10-09,"documented, above: Bordwell, Ozu and the Poetics of Cinema (1988), p. 78","Paul Monticone, Cinemetrics",not logged,,2026-10-08
sugata-2,Sanshiro Sugata Part II,Kurosawa,1945,True,on the sheet,"Christophe Verbiest, Cinemetrics, FACT, 2010-06-17 (458 shots)",https://cinemetrics.uchicago.edu/movie/9e93695f-4928-4e48-ada4-1156434be810,2010-06-17,"assumed, standing: no source found",not logged,not logged,,2026-10-08
i-live-in-fear,I Live in Fear,Kurosawa,1955,True,on the sheet,"Niels van den Heuvel, Cinemetrics, FACT, 2011-12-14 (259 shots)",https://cinemetrics.uchicago.edu/movie/15e83619-9245-4509-8df2-5e456d188c7d,2011-12-14,"assumed, standing: no source found",not logged,not logged,,2026-10-08
bad-sleep-well,The Bad Sleep Well,Kurosawa,1960,True,on the sheet,"Paul Kanter, Cinemetrics, Classic, 2009-12-12 (546 shots)",https://cinemetrics.uchicago.edu/movie/7ebb853c-f212-4a0b-a197-4f69682ee3fd,2009-12-12,"assumed, standing: no source found",not logged,not logged,,2026-10-08
sanjuro,Sanjuro,Kurosawa,1962,True,on the sheet,"Carlo Robben, Cinemetrics, Classic, 2011-12-19 (460 shots)",https://cinemetrics.uchicago.edu/movie/48427720-0431-41cf-b873-0c21e96bb189,2011-12-19,"assumed, standing: no source found",not logged,not logged,,2026-10-08
human-condition-2,The Human Condition I,Kobayashi,1959,True,on the sheet,"JBdV, Cinemetrics, Classic, 2016-04-17 (890 shots)",https://cinemetrics.uchicago.edu/movie/cbb69dd0-fb55-4dab-8a55-ebd436822c52,2016-04-17,"assumed, standing: no source found","JBdV, Cinemetrics",not logged,,2026-10-08
